Country Code,Country Name,Time,GDP,Export,Import,Private consumption,Government consumption,FDI inflows,CPI,Unemployment,Interest rate
AGO,Angola,2010,,,30894849521.013992,25973525131.472702,,,,16.618,
AGO,Angola,2011,,,29514097561.020607,25512453705.915672,,,,16.77,
AGO,Angola,2012,,,29221757076.208183,28854780595.85887,,,,16.562,
AGO,Angola,2013,,,30844807877.095673,32117429940.120705,,,,16.492,
AGO,Angola,2014,,,31053045885.317543,39864661840.387405,,,,16.406,
AGO,Angola,2015,,,29985009888.78196,47731428885.51364,,,,16.49,
AGO,Angola,2016,,,22256980816.980747,49393222725.85763,,,,16.575,
AGO,Angola,2017,,,20469784138.82412,50338772357.05388,,,,16.61,
AGO,Angola,2018,,,22188852777.20152,48962876895.51486,,,,16.594,
AGO,Angola,2019,,,14698145105.545166,43077019843.162834,,,,16.497,
AGO,Angola,2020,,,22488552778.724957,44097697086.015,,,,16.69,
AGO,Angola,2021,,,22010050999.917828,36947919290.958275,,,,15.799,
AGO,Angola,2022,,,21475026609.981674,39517914504.66019,,,,14.602,
AGO,Angola,2023,,,22449206348.25688,48319345285.97411,,,,14.537,
BGD,Bangladesh,2010,,,,,,1535332225.1046412,100.0,3.379,
BGD,Bangladesh,2011,,,,,,1503737556.6131814,111.39516515524,3.736,
BGD,Bangladesh,2012,,,,,,1935886302.5058053,118.321164250415,4.071,
BGD,Bangladesh,2013,,,,,,2996542473.4899426,127.231228786487,4.426,
BGD,Bangladesh,2014,,,,,,2689866907.810766,136.126776861358,4.416,
BGD,Bangladesh,2015,,,,,,2831152765.1551495,144.558850888013,4.396,
BGD,Bangladesh,2016,,,,,,1838463317.909548,152.529140322278,4.35,
BGD,Bangladesh,2017,,,,,,1373232974.9436386,161.226458913586,4.372,
BGD,Bangladesh,2018,,,,,,1801824442.9146643,170.164243384102,4.407,
BGD,Bangladesh,2019,,,,,,1401343482.690513,179.679821747048,4.441,
BGD,Bangladesh,2020,,,,,,1088385436.3375075,189.905534708779,5.436,
BGD,Bangladesh,2021,,,,,,1181764130.403702,200.437039174984,5.327,
BGD,Bangladesh,2022,,,,,,1085928375.2200356,215.864586624407,4.593,
BGD,Bangladesh,2023,,,,,,1023724954.9569472,237.199569600947,4.454,
BEN,Benin,2010,9094481753.908468,2098283201.7113128,2579086972.2553062,7136148750.831962,1019661425.2832924,51033206.72015278,100.0,1.04,
BEN,Benin,2011,9364019722.361673,1952365478.7959855,2469046411.45793,7306896008.021348,1032246643.7783781,141250666.34140706,102.704239077473,2.647,
BEN,Benin,2012,9814543622.52956,2345355664.1741247,2634223499.6599636,7511919828.719731,1092191930.1485233,248019187.7282151,109.6313139516,2.406,
BEN,Benin,2013,10520350022.206518,2900519974.6926975,3327547419.9763465,7801361055.892015,1161681691.628736,302842737.7503469,110.101510475881,2.099,
BEN,Benin,2014,11189200116.596292,3516859711.6526875,3786138184.0851,8164625813.431589,1139082623.9997401,341741661.3424453,109.497320123437,1.872,
BEN,Benin,2015,11388160997.108948,2815204783.124884,3648295538.4003253,8560727091.954389,1299546342.9118617,149755663.330268,109.736884846516,1.82,
BEN,Benin,2016,11768488383.673307,3248901647.2642727,3692968162.058667,8616945310.9739,1209896961.4815784,131204677.47167143,108.86633100536,1.784,
BEN,Benin,2017,12435945493.108944,3383272938.1510863,4261923150.669451,9031729883.178135,1303160774.1008778,196699965.54222107,108.913431866169,1.659,
BEN,Benin,2018,13268812303.052362,3618966467.9246063,4580521901.305402,9347840429.257994,1381350420.5739079,180553470.41754115,109.914532239727,1.41,
BEN,Benin,2019,14179807375.101582,4201551680.272171,4828338575.78396,9705853271.998585,1466484646.0495172,214995346.77299306,110.720040198148,1.214,
BEN,Benin,2020,14725558723.73186,2926332302.6801977,3675611805.9789314,10021491781.081148,1678619767.0062988,163724475.0602554,114.066798322144,1.502,
BEN,Benin,2021,15779238957.776102,3300828413.541951,4281862908.0356493,10617954925.94508,1589910521.1684473,308612658.8100221,116.04419147224,1.779,
BEN,Benin,2022,16765953415.373268,3630367026.06814,4909123221.734861,10234519302.169846,1686292643.8957386,362251713.5550368,117.611691618775,1.685,
BEN,Benin,2023,17831064526.92393,3779018456.308935,5377316094.747609,10518240910.50618,1694699557.4429202,44365419.35509589,120.823695911462,1.657,
BOL,Bolivia,2010,25266542216.396587,10406645993.880512,8672530931.188698,15740671006.202656,,,100.0,2.608,1.0410415284892134
BOL,Bolivia,2011,26581436430.509216,11720207699.272772,10204266178.08392,16136084951.189758,,,109.884464198239,2.255,-3.2171781489289133
BOL,Bolivia,2012,27943010857.84632,13179655444.13781,10557586112.78047,16627139018.383692,,,114.846410265601,2.066,3.767191392033701
BOL,Bolivia,2013,29842021069.103134,13158087029.768654,11082857508.97802,17960929873.733902,,,121.434460016488,2.437,4.7700291412570195
BOL,Bolivia,2014,31471565392.05306,13625012504.790756,13209050800.440153,19807400706.07908,,,128.437100493447,2.021,7.4911986320827095
BOL,Bolivia,2015,33000198248.12923,10186598887.135603,12231374700.285442,22578642598.80188,,,133.651146397123,3.111,13.30880294584053
BOL,Bolivia,2016,34407300577.66223,8425661667.75256,10980411803.806734,23709867620.68399,,,138.493613869075,3.498,9.434724904561675
BOL,Bolivia,2017,35850757819.52358,8928324479.967144,11400723244.069958,24254628594.00828,,,142.402953510878,3.655,1.9314209244839524
BOL,Bolivia,2018,37364958855.72832,9710702583.417368,11628412204.346304,25038399891.312347,,,145.638433874571,3.519,4.833259360400097
BOL,Bolivia,2019,38193230057.44508,9535803923.916698,12004149182.808243,26141233810.39141,,,148.317518475358,3.682,9.15598643187716
BOL,Bolivia,2020,34855949753.417114,7066203705.308751,8794390640.449345,24204431295.20494,,,149.712803892505,7.903,9.625096812638892
BOL,Bolivia,2021,36986126769.118286,10291517712.055523,11538210841.691545,24870572394.157482,,,150.816761737338,5.089,3.9064545161961117
BOL,Bolivia,2022,38319728286.38797,12496659211.780441,13467217100.277542,25607544325.25152,,,153.450518176398,3.552,2.5118075689775705
BOL,Bolivia,2023,39500728992.57042,10085420856.016829,12215995110.825245,27054221546.639233,,,157.40476617273,3.024,9.19561261731636
CPV,Cabo Verde,2010,1628564468.2422805,493191575.75159615,900020082.1525084,980957996.589232,322284409.91703653,103707333.4914569,100.0,10.67,10.31796102823803
CPV,Cabo Verde,2011,1692481034.5440664,556390633.1242652,976260110.5823437,1015657285.4135826,336569962.8510544,84545897.01996659,104.47388342165,10.948,6.874906425794471
CPV,Cabo Verde,2012,1710821579.6128569,640932842.27939,909925492.0294902,1060779309.3988998,316759490.47815204,114476170.13918564,107.127934238569,11.142,9.1606779539489
CPV,Cabo Verde,2013,1721636311.1576202,645903515.5745738,837628083.9900954,1074265430.185913,322823435.4045424,75773520.13252605,108.741862479707,11.392,8.967572419229098
CPV,Cabo Verde,2014,1733630380.444896,645747714.6681617,937123609.2580233,1075172978.6516047,343127634.4973213,153323540.22669423,108.48221067765,11.674,11.005116839136354
CPV,Cabo Verde,2015,1749857620.3532875,719811847.3670868,925203581.1109798,1080846595.4868715,354511767.0557294,96071472.8368678,108.624526319136,11.907,8.645325497831244
CPV,Cabo Verde,2016,1824764034.9525554,756783452.4435682,983642540.9458549,1168674134.5476604,361880716.72571844,124603120.79818909,107.095292454784,12.077,7.795759332908964
CPV,Cabo Verde,2017,1907814790.7283316,802594857.0534395,1106214552.0105648,1313788140.7445483,338971663.1287313,106736451.55365597,107.935364262011,12.24,8.086336119875915
CPV,Cabo Verde,2018,1978536809.331935,907475563.6590921,1187152368.840135,1355698458.7885349,358691378.7873619,92911244.82240964,109.292107113842,12.17,7.146958078330305
CPV,Cabo Verde,2019,2116002110.927555,988279487.0903417,1203954910.6591172,1416581928.7286272,419274544.14828706,115489015.4280602,110.501606515952,12.128,8.38767999616974
CPV,Cabo Verde,2020,1675762033.7188573,423856704.4482662,889831044.5450455,1225241436.4434872,431162016.4870155,62207385.28261397,111.171020616435,14.69,7.799794654892929
CPV,Cabo Verde,2021,1793627260.8812294,427776485.0081269,961478561.4489279,1352718976.8968415,476883024.650932,79947437.60436128,113.241195084123,13.976,6.185881261405264
CPV,Cabo Verde,2022,2077803747.086578,803782883.653602,1211564926.2977347,1566272881.102297,464701265.1784407,112827746.16000885,122.222274152969,12.246,1.3997416222495789
CPV,Cabo Verde,2023,2191572559.7287674,840774826.1169375,1235490126.6366181,1668571156.709777,476740662.64819646,137295195.7998257,126.774290191905,11.971,3.599409729878676
KHM,Cambodia,2010,16760698493.040884,8418319411.245526,10018180861.787983,13442497463.560616,1085269124.64457,1704530720.4292886,100.0,0.771,
KHM,Cambodia,2011,17981993293.903027,8976822747.913424,10765698528.52542,14683901198.224575,1107721733.6644332,1725992877.8667436,105.478447496174,0.577,
KHM,Cambodia,2012,19357661918.851887,10314730654.156225,12283449054.219866,15321792534.539576,1150930611.9967992,2158861550.6420317,108.573518555638,0.496,
KHM,Cambodia,2013,20878690156.78171,11821632493.083504,14253252693.871666,16353148938.837873,1217019443.991572,2180373882.313733,111.767344424509,0.438,
KHM,Cambodia,2014,22549052336.926544,12769426423.379072,15293976036.178938,17173480274.455715,1271976360.1349897,1896154366.5986855,116.076745197925,0.692,
KHM,Cambodia,2015,24174170369.07381,13532995573.007187,15985986398.131645,17948576865.367832,1320171478.1881874,1822804151.2571201,117.497445574856,0.393,
KHM,Cambodia,2016,26085259688.337284,14720391416.638706,17287410561.73723,19251439039.799503,1387957549.718415,2431977037.5313935,121.044857661075,0.716,
KHM,Cambodia,2017,28191654621.947807,15871916683.20697,18283809702.58155,20227027598.671925,1478512272.9140916,2677531161.9430866,124.570453245464,0.141,
KHM,Cambodia,2018,30665817313.849125,17010757374.820663,19309117664.951263,21703749931.187103,1517408296.5155065,2972254597.3851833,127.633746767247,0.13,
KHM,Cambodia,2019,33099747942.810993,18352773541.217045,19955775509.143288,22085842083.43178,1591878966.8940856,3305009978.399858,130.113128034144,0.119,
KHM,Cambodia,2020,31922812945.08807,19128723470.026585,19850753801.54686,20538948459.46465,1730907860.086615,3323241381.4662347,133.938838017668,0.172,
KHM,Cambodia,2021,32909177695.673035,23813421473.27367,24293163969.87069,20670168873.236576,2160746314.9909554,3115992033.9153924,137.850836238126,0.396,
KHM,Cambodia,2022,34588654431.08628,24975450692.792377,25480276049.122173,20759288280.415894,2040680087.4505012,3095096999.511387,145.217175025789,0.231,
KHM,Cambodia,2023,36304274723.17266,24284897254.34047,24437923506.37355,21901303181.129654,2206523319.3530207,3394800756.176888,148.306623905508,0.225,
CMR,Cameroon,2010,25389533434.649548,5679356881.166215,6314299552.157779,18498637185.463303,2897722027.159625,494975014.0122421,100.0,4.11,
CMR,Cameroon,2011,26247499413.69742,6359686854.294526,7163546539.969111,18970513771.35883,3164058531.895735,559781446.9344118,102.939699463051,3.987,
CMR,Cameroon,2012,27461703151.657257,6556955024.319614,7183786259.7283325,19778982132.687553,3366242973.5725555,480261380.1485435,105.755405742962,3.835,
CMR,Cameroon,2013,28833560540.79009,6815996709.099365,7506940801.642861,20610335138.965702,3536264695.366991,467959478.92609864,107.923758722329,3.685,
CMR,Cameroon,2014,30482787768.47828,7196978734.122991,8298150616.514418,21894466813.846447,3675898965.06523,608083842.5363568,109.925634907972,3.534,
CMR,Cameroon,2015,32210233020.456917,6760654004.684462,7907933406.452997,23532186345.541492,3947005097.9945264,694336734.8798201,112.867503568736,3.518,
CMR,Cameroon,2016,33671222913.45479,6380689588.973258,7302834621.402114,23837971079.999203,4082415441.9667315,661083764.6852198,113.854180430792,3.528,
CMR,Cameroon,2017,34863580363.115135,6397850001.999448,7268332396.906264,24882577488.759876,4072214164.2275414,786595502.4006946,114.583313019794,3.568,
CMR,Cameroon,2018,36242614248.57564,6790508069.411598,7919500274.053459,25970387294.103535,4320126446.690246,693994530.5243618,115.808046057299,3.601,
CMR,Cameroon,2019,37502066832.74033,7444194298.419011,8823644730.910652,27244252124.860397,4536381731.900588,968830654.0158767,118.648588290011,3.622,
CMR,Cameroon,2020,37599547048.58411,5728568094.549744,6957079677.193424,27569799369.995163,4617950686.81532,622632010.6416322,121.540776745136,3.87,
CMR,Cameroon,2021,38854942334.57685,6414517372.572297,7857227276.447854,28575089439.43939,4679392524.778727,831734051.2788022,124.302010149149,3.973,
CMR,Cameroon,2022,40306867605.13643,7788017712.961217,8853318519.342361,29435582888.6155,4235266480.4095707,841345530.5711012,132.067998413642,3.653,
CMR,Cameroon,2023,41616173714.87322,6914170694.674836,8574423715.777438,30749417421.112186,4404787008.9429035,-92162423.70060872,141.818332882446,3.613,
COM,Comoros,2010,833349029.4594836,80325718.22507727,249264964.32398582,758001932.7870599,92825446.65384567,7664059.851563969,,4.248,
COM,Comoros,2011,867878902.2858472,86409629.08908027,260750572.30814067,810657304.3992642,92515570.32575102,19611255.97873016,,4.207,
COM,Comoros,2012,895376863.0776001,80099243.36572796,285307805.5260432,866039980.0183378,89928077.47032186,9144825.79331833,,4.17,
COM,Comoros,2013,935366608.181981,84635592.57688445,282433087.36619484,892934570.9231505,87239381.8227614,6682433.1362864915,,4.118,
COM,Comoros,2014,955071579.8221915,92417235.69445932,282312960.75446355,901632196.9821455,98135824.17300417,3891907.512958767,,4.119,
COM,Comoros,2015,966029600.8622274,97918676.04748543,267288351.5545598,901330835.8695917,102320934.45746955,4936699.51044481,,4.121,
COM,Comoros,2016,998106097.5358263,106526821.53663212,264098715.09774846,924361023.4530209,105948124.47302382,3517908.7383477865,,4.104,
COM,Comoros,2017,1036191459.4769152,123320424.60432889,292859232.29237455,954379025.1464429,112155049.05503017,3769421.3985573775,,4.03,
COM,Comoros,2018,1073934227.0842133,138634416.26196402,323115990.800331,988882131.9769006,109860130.80318098,5124278.157196796,,3.942,
COM,Comoros,2019,1092843848.7370584,139593978.79337305,322330117.45592433,1026087120.5582414,110321319.96259314,3933079.781333139,,3.934,
COM,Comoros,2020,1090706717.9807665,61862181.27359119,306032481.55090404,1090967172.915791,115187228.56583005,3450837.630055047,,4.471,
COM,Comoros,2021,1112522619.1689696,120233897.49749748,350115397.45332307,1078929188.9657264,112918416.81253542,3454738.39492423,,4.394,
COM,Comoros,2022,1141481697.7502446,145151721.9279721,400267942.15485543,1138889397.9198143,109752871.5521268,3792937.4219511687,,3.816,
COM,Comoros,2023,1175676774.7110393,152319054.3255688,411316359.3563912,1176389256.9553063,108773812.47814089,4653355.632629477,,3.776,
COG,"Congo, Rep.",2010,10407332392.129982,7131946267.519946,5779885104.326899,3043794119.6684003,1100239191.6524956,,100.0,,
COG,"Congo, Rep.",2011,10636909752.525925,7830013578.759444,5422697652.4176,2945511196.27354,1365242844.85431,,101.759587042738,,
COG,"Congo, Rep.",2012,11694979455.247242,6792681220.734771,4603425449.806514,2772458399.0770044,1608896221.1213503,,106.85793338822,,
COG,"Congo, Rep.",2013,11611660392.468187,6146555859.609817,4652620792.685017,3018646290.91635,1634110650.491919,,111.807182739123,,
COG,"Congo, Rep.",2014,12383378937.255602,6579739782.637943,6323446358.370193,3510877990.0922923,2072258138.2860336,,112.827020267541,,
COG,"Congo, Rep.",2015,12434793867.3568,5080489797.750924,9508100091.754274,4913985988.145993,2400695055.2592077,,116.402619073639,,
COG,"Congo, Rep.",2016,11354801748.821877,4776797731.638183,9105562252.982246,5171816468.642085,2419540596.3434954,,120.116516568787,,
COG,"Congo, Rep.",2017,10719526284.716585,5141377627.037374,5001126769.015944,3720806530.86198,1938796363.0308578,,120.657117555654,,
COG,"Congo, Rep.",2018,10472514332.327286,6515013194.325304,4018578598.8460402,3469639154.25071,1414219599.6234956,,122.048027425109,,
COG,"Congo, Rep.",2019,10590275024.737988,5951609002.454996,3746515286.1073484,4240043471.9670897,1402245087.586728,,124.740496075729,,
COG,"Congo, Rep.",2020,9926500702.400642,4041976117.130421,2837746472.395377,4631567807.721981,1734989081.7719984,,126.980051354846,,
COG,"Congo, Rep.",2021,10027261669.799528,5298061217.3432045,3279880421.6088805,4314293579.476089,1491104658.2841818,,129.158575405592,,
COG,"Congo, Rep.",2022,10175199489.763863,6493013241.32884,3495098588.9212894,3838191467.8434377,1204417223.6456225,,133.089443475834,,
COG,"Congo, Rep.",2023,10369226732.5707,5899667755.532811,4076606180.514502,4573687635.4268,1358296333.8657968,,138.814612802413,,
CIV,Cote d'Ivoire,2010,,11605432633.622995,11769570490.142279,,,355464154.81002337,100.0,6.618,
CIV,Cote d'Ivoire,2011,,11566297252.388735,9649523930.284624,,,269789185.68019193,104.912433950525,7.135,
CIV,Cote d'Ivoire,2012,,12342246145.876122,12460829301.862133,,,320966266.21034706,106.281028400716,7.223,
CIV,Cote d'Ivoire,2013,,11395169227.96176,11407624780.002373,,,372488574.3325571,109.024322817415,4.255,
CIV,Cote d'Ivoire,2014,,12034253649.458721,10908698618.226896,,,384457685.4051806,109.513495413212,3.285,
CIV,Cote d'Ivoire,2015,,12531890057.425758,11618511648.597319,,,494408755.776341,110.884056313105,2.579,
CIV,Cote d'Ivoire,2016,,12246755106.033281,11108517210.084694,,,586149571.4056079,111.685945921178,1.896,
CIV,Cote d'Ivoire,2017,,13448054711.211042,12216541533.798532,,,979241578.1380888,112.451978676858,3.272,
CIV,Cote d'Ivoire,2018,,12548588378.208174,12907508284.376253,,,586111894.2102621,112.856141244189,2.85,
CIV,Cote d'Ivoire,2019,,13372132427.679976,12982326683.224726,,,829591610.6791894,111.606977877028,2.401,
CIV,Cote d'Ivoire,2020,,12475095916.586197,12448768157.044798,,,672148883.0903258,114.313454421135,2.584,
CIV,Cote d'Ivoire,2021,,14185106874.603376,14516888506.664707,,,1216959240.4119446,118.991105987766,2.63,
CIV,Cote d'Ivoire,2022,,16574332519.162426,19532802749.509056,,,1539951131.8795218,125.269275743533,2.306,
CIV,Cote d'Ivoire,2023,,17597144917.750725,20133378335.945484,,,195536314.59163132,130.764985523184,2.27,
EGY,"Egypt, Arab Rep.",2010,,,,,,,,8.757,
EGY,"Egypt, Arab Rep.",2011,,,,,,,,11.849,
EGY,"Egypt, Arab Rep.",2012,,,,,,,,12.597,
EGY,"Egypt, Arab Rep.",2013,,,,,,,,13.154,
EGY,"Egypt, Arab Rep.",2014,,,,,,,,13.105,
EGY,"Egypt, Arab Rep.",2015,,,,,,,,13.052,
EGY,"Egypt, Arab Rep.",2016,,,,,,,,12.45,
EGY,"Egypt, Arab Rep.",2017,,,,,,,,11.767,
EGY,"Egypt, Arab Rep.",2018,,,,,,,,9.855,
EGY,"Egypt, Arab Rep.",2019,,,,,,,,7.851,
EGY,"Egypt, Arab Rep.",2020,,,,,,,,7.974,
EGY,"Egypt, Arab Rep.",2021,,,,,,,,7.441,
EGY,"Egypt, Arab Rep.",2022,,,,,,,,7.344,
EGY,"Egypt, Arab Rep.",2023,,,,,,,,7.334,
SWZ,Eswatini,2010,3360917656.9336467,,,,,102718542.41116571,,,6.349809974857914
SWZ,Eswatini,2011,3436445198.7652454,,,,,70367646.19099075,,,3.473535252612658
SWZ,Eswatini,2012,3621897455.235956,,,,,19626899.129316606,,,0.0014956527641697616
SWZ,Eswatini,2013,3761746659.514851,,,,,69635729.5225231,,,5.9775481013778355
SWZ,Eswatini,2014,3826331630.2191772,,,,,23209471.20147623,,,2.177532628243534
SWZ,Eswatini,2015,3878174403.5524035,,,,,31498094.370293003,,,3.1350871406675687
SWZ,Eswatini,2016,4015035098.7747946,,,,,29091851.25458713,,,3.5034938865539407
SWZ,Eswatini,2017,4114008066.9674506,,,,,-53444645.17946113,,,4.583669200830373
SWZ,Eswatini,2018,4145651841.8001957,,,,,27697881.305064052,,,6.580301068510286
SWZ,Eswatini,2019,4351364120.039527,,,,,121190449.95577885,,,7.3882529343561
SWZ,Eswatini,2020,4225737498.2584457,,,,,39921105.73980271,,,2.9507755517125656
SWZ,Eswatini,2021,4369384623.382768,,,,,104091608.53155583,,,7.070130261393004
SWZ,Eswatini,2022,4366430077.906135,,,,,12414972.869504733,,,-1.153271232285575
SWZ,Eswatini,2023,4585402385.654146,,,,,29035038.303562757,,,9.066212022517037
GHA,Ghana,2010,,10365445394.189703,16141054887.436426,32919120724.014027,2485979282.185445,2760259929.520588,,5.384,
GHA,Ghana,2011,,14813244625.562284,19795121388.55593,34419149600.87026,5529849248.076426,3310979827.1751537,,4.227,
GHA,Ghana,2012,,17689983707.7286,23146808927.85652,36694510321.79188,5156469922.013938,3498843098.2143397,,3.141,
GHA,Ghana,2013,,11966456941.324553,16612608333.385445,35899571133.57838,4131298082.526348,2416040078.868384,,2.173,
GHA,Ghana,2014,,13658590584.687857,17225530002.864185,34804513469.42136,3999957359.1663165,2970260619.7648883,,4.415,
GHA,Ghana,2015,,16714895486.563713,21091211319.96031,36297473726.943275,3794624084.905086,3192320530.7897005,,6.806,
GHA,Ghana,2016,,15931230973.293713,18735388635.61022,36847901722.48916,4028069059.226441,3169333688.9537635,,5.232,
GHA,Ghana,2017,,18708284363.17164,20251592773.734997,42120741382.575035,3841986913.962126,2975779515.367412,,3.369,
GHA,Ghana,2018,,19620728805.387775,20235789150.932983,42364374393.89086,4166833210.443405,2604824082.2362795,,3.253,
GHA,Ghana,2019,,23392893905.02359,24595721892.863213,47620272694.65085,4399537514.143058,3546398721.21151,,3.16,
GHA,Ghana,2020,,19793562262.719345,22006555187.482853,48638824044.081055,4918287821.652149,1681435844.649838,,3.313,
GHA,Ghana,2021,,19828368980.11616,21542087408.823647,51165803311.67101,5281597483.307714,2101859793.276787,,3.384,
GHA,Ghana,2022,,23742056868.22233,24281340525.820824,53843630377.053535,4556446165.584086,1317400763.9216912,,3.084,
GHA,Ghana,2023,,23998918782.392452,24677968857.28896,59402634464.99306,4136726658.8885107,1218055646.9578798,,3.063,
GIN,Guinea,2010,7025019105.91374,2131475590.0344155,3035185280.5767794,5617947745.861068,882918455.2537584,-103886933.61558464,,5.097,
GIN,Guinea,2011,7419271030.304235,2418848642.9861054,3958361530.189878,6062677871.312711,1111524191.8978984,1045412649.5408006,,5.094,
GIN,Guinea,2012,7858142150.250897,2603983564.8238144,4207008638.335192,6278854072.564217,1137505085.6328464,623009793.2906742,,4.884,
GIN,Guinea,2013,8168199850.29177,2162173284.1432576,4407219697.957174,6952594343.334606,1541618565.3415263,185272.71961126063,,4.967,
GIN,Guinea,2014,8470141696.431184,2260554695.5106792,4242139598.95117,7012025756.450179,1507104658.5808675,-71167935.22388524,,5.09,
GIN,Guinea,2015,8794201742.846092,1890478290.5366988,4480281599.375522,7543994455.793845,1715036041.261986,53272458.4212994,,5.224,
GIN,Guinea,2016,9745789528.355488,2862485799.712122,8037153304.223333,8141930478.002605,1645434762.29266,1834938171.8513198,,5.013,
GIN,Guinea,2017,10749606370.467861,4800806287.58666,6083345786.187143,7996051499.850878,1642112188.9902573,601362192.0305288,,4.826,
GIN,Guinea,2018,11433119223.757805,4596925168.683695,5576734394.310189,8407996010.293424,1770064630.8576353,340148166.3291876,,4.787,
GIN,Guinea,2019,12075307751.683502,4231435299.774431,5237455097.025288,8839165317.390055,1859878174.4242067,39883150.19956989,,5.018,
GIN,Guinea,2020,12643401588.69853,5938582732.252992,8698083928.924295,9216533836.50757,2201623804.246398,158259091.35708803,,6.018,
GIN,Guinea,2021,13349198344.07296,7504736862.656735,7872943292.906019,9237640599.279324,2333710933.1872883,154544331.72109067,,5.827,
GIN,Guinea,2022,13879482945.938011,6303873979.742744,6765778984.69516,10020005023.33019,2376281435.382124,458897837.91067123,,5.267,
GIN,Guinea,2023,14815644972.128147,6158170726.088863,7256277007.666156,10805517326.753017,2017613557.454988,872931647.1252353,,5.244,
HTI,Haiti,2010,12916662276.640003,1106995177.5250351,4669533058.802367,12311407420.786907,940127293.3515015,193870078.18480822,,15.252,
HTI,Haiti,2011,13575181302.273365,1368801029.086195,4626483722.5341215,13093028092.662119,889502040.9241487,124181575.23726875,,14.485,
HTI,Haiti,2012,13643386325.966433,1317281727.7635849,4175305687.959992,13097564926.982134,1015004835.4577396,155254200.65937072,,14.1,
HTI,Haiti,2013,14233433330.502903,1496828522.2663956,4243872364.408757,13465028893.588614,1023552483.6435332,154649163.87875134,,13.642,
HTI,Haiti,2014,14644604839.589191,1607221308.8623047,4594992303.7778015,14085351300.143648,1122362886.5712214,95717107.70376517,,13.755,
HTI,Haiti,2015,14849629308.602478,1747466805.164773,4481319815.997256,14265686251.209969,1226253121.5310173,105680000.0,,13.724,
HTI,Haiti,2016,15118774099.592813,1754075778.0078077,4506744980.662348,14552176665.64187,1241144036.562499,112725006.6743481,,13.852,
HTI,Haiti,2017,15498296353.597733,1705350443.1254003,4815487662.323083,14740623757.141827,1224007007.7388668,384917106.8490802,,13.881,
HTI,Haiti,2018,15756778637.99762,1698710351.1349947,5413675197.228604,15597977632.960398,1302050486.245367,100858047.51094212,,13.878,
HTI,Haiti,2019,15485274058.24296,1634884665.3494492,5266703581.335313,14959393770.926702,1113600433.612135,77343401.8094299,,14.057,
HTI,Haiti,2020,14973407477.256065,1048641827.2000078,4110775419.4708004,14538688788.14426,1094863875.6526766,25801588.475720335,,15.546,
HTI,Haiti,2021,14704149691.210394,1049516183.7786881,4415340125.519676,14355993081.784895,1098834606.8604517,36130343.56603186,,15.28,
HTI,Haiti,2022,14456828250.629444,1046495117.4263076,4234519227.8340282,14353570744.868103,998119363.2836108,28132836.42507827,,14.635,
HTI,Haiti,2023,14187369712.67641,747772274.8033512,3619869603.0637164,14211982680.373604,881999251.1979699,16901146.605638936,,14.556,
HND,Honduras,2010,17639229093.96674,8071518294.937769,11233178277.160995,13779369518.248432,3162084333.677946,676394892.6304818,100.0,4.119,13.554792887701447
HND,Honduras,2011,18315815357.186047,9388263247.859333,12996758967.140774,14219896962.647211,2942320052.5606794,1078218016.0479233,106.762279573148,4.474,9.971806992330741
HND,Honduras,2012,19072018181.907093,9708191046.362041,13404847506.92284,14993766711.94852,3090007007.7997627,1113063939.2520978,112.30984636343,3.755,14.356962984823213
HND,Honduras,2013,19604424966.410194,9398653497.459803,13402478658.649876,16061700738.69486,3280567862.16403,1132865445.3832996,118.107167183834,5.646,18.453282416028564
HND,Honduras,2014,20203944075.62803,9609532162.537413,13215893312.251854,16230564517.675865,3097731650.543174,1743397714.1594641,125.346249905396,7.078,12.880621868392396
HND,Honduras,2015,20979791685.416042,9475891625.380066,13027957170.539766,16260945743.198677,3001210972.3435793,1316679827.33597,129.30447286763,6.147,12.83497682682533
HND,Honduras,2016,21796529142.77322,9310192296.756508,12446169537.447397,16760751162.20079,3076348192.068515,1151198886.1594296,132.827518353137,6.727,15.098536558980896
HND,Honduras,2017,22852116284.635612,9847857818.887383,13418592718.033133,17666123326.143333,3084673826.1861815,938289719.6497399,138.053432225838,5.528,14.109127583791505
HND,Honduras,2018,23730778960.538155,9837550886.664518,14735946529.752663,19128718524.400013,3194697143.2963495,1422389954.2135186,144.055097252706,5.648,15.554078111351432
HND,Honduras,2019,24338200129.36719,9788571884.730238,14418196608.015366,19999990298.673916,3377907203.796147,934213070.2481363,150.34435782941,5.698,13.526118509515069
HND,Honduras,2020,22156260473.816906,7948589486.575801,11549109472.97062,17929535912.808704,3469915639.827545,223929389.4699203,155.558919246197,10.982,13.159500507325067
HND,Honduras,2021,24940257609.689186,9817831760.045774,15963571816.803398,21133596867.903122,3909143674.644487,709204481.7913077,162.529327177779,8.506,10.859926556595646
HND,Honduras,2022,25973672631.776558,11023014147.01084,18248931774.983883,22653668375.147686,3708025885.044983,626724975.4880549,177.302656474684,8.774,4.843586540775302
HND,Honduras,2023,26904206369.372776,9957401438.410194,16396204554.76804,23243214084.015175,3879892167.5971227,849434500.7771809,189.116778929842,6.07,7.741723450449452
IND,India,2010,,,,,,,100.0,7.652,
IND,India,2011,,,,,,,108.911793364834,7.616,
IND,India,2012,,,,,,,119.235538897084,7.666,
IND,India,2013,,,,,,,131.18041028234,7.711,
IND,India,2014,,,,,,,139.924446113916,7.674,
IND,India,2015,,,,,,,146.790501522574,7.631,
IND,India,2016,,,,,,,154.054013105394,7.601,
IND,India,2017,,,,,,,159.18119775209,7.618,
IND,India,2018,,,,,,,165.451068899504,7.652,
IND,India,2019,,,,,,,171.621576003377,6.51,
IND,India,2020,,,,,,,182.988822584425,7.859,
IND,India,2021,,,,,,,192.378724699015,6.38,
IND,India,2022,,,,,,,205.266241146235,4.822,
IND,India,2023,,,,,,,216.862025027426,4.172,
JOR,Jordan,2010,33723826288.353676,15849234745.160625,22671022662.312267,,,2098456885.6978922,100.0,12.5,0.8759556374875402
JOR,Jordan,2011,34646908078.41634,16128335841.28363,24997433005.080303,,,1743903171.3607671,104.162441629278,12.9,2.646406244255612
JOR,Jordan,2012,35488605511.9193,16050071549.934334,25775233037.416695,,,1737098706.6349459,108.86561499113,12.2,3.9901970998534675
JOR,Jordan,2013,36414839440.074326,15037727737.154865,25547167236.690937,,,2057355288.6049612,114.11797064643,12.6,2.700469425785872
JOR,Jordan,2014,37647146046.473785,15862213768.805286,25526608912.713146,,,2225717684.4970617,117.426797297677,11.9,5.3600068575924835
JOR,Jordan,2015,38587017887.323944,14101408450.704226,22694366197.183094,,,1600281690.1408503,116.397138828916,13.075,6.172976266492208
JOR,Jordan,2016,39356512808.34939,13536755254.913921,21380625447.27576,,,1532090571.142276,115.491068042148,15.275,6.6622530294973314
JOR,Jordan,2017,40330034782.84851,13860775224.82835,22328010470.906185,,,1967356095.822959,119.329869272798,18.12,6.493960189535199
JOR,Jordan,2018,41103996749.736565,14303827442.9289,21718036288.652435,,,905018291.3366988,124.654739256782,18.257,6.24663101401516
JOR,Jordan,2019,41823826702.47795,15196662520.324713,20641268466.326004,,,685787649.9704057,125.604002606804,16.801,7.755163184102708
JOR,Jordan,2020,41362613665.93588,9885640659.602545,17438480754.140224,,,719610117.733592,126.022633651656,19.213,8.247864680544128
JOR,Jordan,2021,42874682706.30496,12844575056.30581,21597888041.24164,,,575875854.2720938,127.719016475095,19.837,4.708471174452505
JOR,Jordan,2022,44009762561.59657,18720638295.223793,27091526241.36621,,,1129380296.127487,133.120452526249,18.2,4.631108018093813
JOR,Jordan,2023,45188463506.02455,19670462196.67291,25642742241.988,,,747253037.9117115,135.895840722819,17.969,7.038072696759262
KEN,Kenya,2010,,11219115170.248432,16875160801.658209,40599560422.72222,,218627394.01037028,100.0,2.796,12.526958492458025
KEN,Kenya,2011,,12628832237.107588,21597133390.995583,44545847489.64149,,1813621107.365679,114.02249130147,2.704,4.526185832268983
KEN,Kenya,2012,,12173501369.730242,19462176424.257217,46084479842.11501,,1499712770.1501017,124.715258324443,2.682,9.313511344582883
KEN,Kenya,2013,,11317372506.659954,18874263566.66252,48658713750.85649,,1153969960.857234,131.845845200422,2.764,9.293946359699536
KEN,Kenya,2014,,11004148688.555855,19838621953.18007,50814911082.54255,,803098238.9271708,140.914406784821,2.768,8.249078992173242
KEN,Kenya,2015,,10608335822.932554,17669406544.835255,52952688101.53282,,619724465.0164111,150.189610460249,2.762,6.2688057827038435
KEN,Kenya,2016,,9682248879.235144,15795358558.889751,55834637925.10368,,458612216.8163675,159.647425011301,2.757,10.118128713498676
KEN,Kenya,2017,,9664522950.293533,17648372623.216717,59120021468.464874,,1245060007.0395324,172.428238576216,3.541,5.656747615859067
KEN,Kenya,2018,,10054300704.651094,17534358012.846657,61809707021.19267,,667524644.545234,180.514789261214,4.284,8.48796047494691
KEN,Kenya,2019,,9629798834.407784,17132306875.18803,65240196284.97381,,394502155.61407274,189.973110678512,5.014,7.831100747673967
KEN,Kenya,2020,,8102557854.097588,14786778105.197458,64235930306.97657,,-4511388.076679371,200.241465217838,5.619,6.714634409067403
KEN,Kenya,2021,,9737183197.246359,18132245769.276894,68258952575.954636,,345917834.62977654,212.472085832078,5.693,7.427581005143718
KEN,Kenya,2022,,11558951326.900784,20382913501.617607,71758062440.97218,,655735108.2533109,228.747155845931,5.707,5.028921630357857
KEN,Kenya,2023,,11694907201.614967,20421343246.91394,77007273659.98979,,675050932.4799463,246.295256788022,5.567,7.050093844898901
KIR,Kiribati,2010,144444524.6015923,16706859.146264095,107078090.36617291,127766905.11384979,83582210.90873674,-5763928.062305919,100.0,,
KIR,Kiribati,2011,149158825.43148848,19640923.317613985,119720271.85851705,135969477.651931,85688083.16663554,-265434.81142690574,101.49740979876,,
KIR,Kiribati,2012,157815468.1876103,20146512.167991437,131559451.66674268,137423137.47692668,92653946.91304436,-1819014.5282516428,98.405937821067,,
KIR,Kiribati,2013,170016044.51915482,18642394.022311542,145901525.1718514,152339276.81276944,95622181.44263113,706371.3911585822,96.9415993234551,,
KIR,Kiribati,2014,172164486.65907136,20716137.789696977,158658568.9652681,154411714.98806742,110024871.67696416,2262559.0890638223,98.9812362348314,,
KIR,Kiribati,2015,191559398.1752924,26736810.803262506,183766112.3974487,172228318.485013,106444224.51061535,-819824.3528752349,99.5474244893384,,
KIR,Kiribati,2016,205137185.020505,34088231.086251505,194167482.48769292,182970503.3227937,121754312.95123933,1795318.3505284477,101.456058112065,,
KIR,Kiribati,2017,212828044.80522838,28213174.157059476,185809387.76325616,194831655.63739562,121424579.60814095,749417.0376206583,101.81675559135,,
KIR,Kiribati,2018,220233266.37355426,19932644.795678426,163667980.3178874,188305453.20178834,132451797.31277215,-1079277.5596054965,102.391033138334,,
KIR,Kiribati,2019,227422251.26238182,34073326.6957324,189514708.120082,205876244.99760273,141154041.98079494,-585133.519132167,100.534601842803,,
KIR,Kiribati,2020,226144100.8008004,23329124.992092997,152211031.0091179,199308041.17587608,122075580.41338028,2659615.839300702,103.10149708468,,
KIR,Kiribati,2021,245417596.3747688,9122329.227898432,171137277.2950085,230537349.58364573,129609905.22118153,874813.1221676182,105.218806716601,,
KIR,Kiribati,2022,255002019.36461863,18485345.623036385,237439835.57356763,257216026.4467092,156891075.19012243,4020434.2497858517,110.843756153458,,
KIR,Kiribati,2023,265519808.5400975,19563771.51163168,245279596.2066921,284732144.5662799,173377730.01104125,4860058.343644098,121.133463779108,,
KGZ,Kyrgyz Republic,2010,5263491909.116236,2713557602.830815,4299142703.118045,4452679419.394681,954116928.027233,519028849.51878244,100.0,2.887,12.438044327069791
KGZ,Kyrgyz Republic,2011,5576999924.820182,3041610830.531287,4553138767.339769,4651356209.267974,1016544478.7265978,617075239.6496028,116.63632627315,2.999,1.0589888017879083
KGZ,Kyrgyz Republic,2012,5572083788.241157,2474239283.43663,5308621005.037037,5338090271.859097,1120314918.335443,220117856.35984725,119.865335743153,3.114,13.197591914523073
KGZ,Kyrgyz Republic,2013,6180302892.031295,2611187486.871007,5672073822.376865,6006058591.046656,1140079922.1018755,515669037.0993917,127.792931811437,3.153,17.590588686865264
KGZ,Kyrgyz Republic,2014,6429000667.909093,2407574060.811404,5636788956.283068,6171764589.484529,1123360744.5167334,295284651.64792806,137.421167323168,3.262,10.808718325794905
KGZ,Kyrgyz Republic,2015,6678177511.663131,2350023986.1842556,5060186675.868558,6046860893.8448,1185735347.0351913,1144053999.9999998,146.358103369357,3.338,19.533360647361324
KGZ,Kyrgyz Republic,2016,6967733666.777648,2496219075.4559126,4877285718.742275,5769243489.215636,1214765198.9707644,633275285.0898334,146.927199725867,3.474,17.426879275242293
KGZ,Kyrgyz Republic,2017,7297999868.503012,2499772317.7642307,4843288745.378414,5990161772.056025,1250159932.3978171,-101576692.13507557,151.592593591367,3.57,12.68917742267945
KGZ,Kyrgyz Republic,2018,7572252145.255492,2392962678.2501154,5094144027.544345,6246030535.844601,1300132985.0527277,132036738.63698843,153.931154097371,3.67,15.530337052836373
KGZ,Kyrgyz Republic,2019,7920623120.268602,2651544995.7422276,4827921780.946898,6125025680.518921,1243615503.4720871,341347699.0365138,155.676152413544,4.295,8.364750007419287
KGZ,Kyrgyz Republic,2020,7354379549.419781,2175563571.8032947,3633828398.7082047,5620639611.056502,1351167424.7397556,-357043877.23171747,165.523327506819,4.63,11.102676850389248
KGZ,Kyrgyz Republic,2021,7759385792.104207,2778293853.769782,5001373177.394878,6636105273.225361,1290614121.868827,189770737.1365276,185.228945555436,4.096,0.543018692651354
KGZ,Kyrgyz Republic,2022,8455209116.531332,3917913232.1879497,7394033548.979347,7498571383.5096,1419263333.6248252,38216926.33825161,211.018203674728,4.043,-0.8293014746625458
KGZ,Kyrgyz Republic,2023,8975322159.940475,3514939415.007069,9064487533.516912,8036890655.844028,1468558851.805684,962492.2343983767,233.709575724236,3.991,5.0170494227889
LAO,Lao PDR,2010,9912447859.532236,,,,,387512298.4050661,100.0,0.708,
LAO,Lao PDR,2011,10709275115.069645,,,,,368080737.06970525,107.5689885611,1.055,
LAO,Lao PDR,2012,11568812077.438631,,,,,701148220.1616324,112.146185398532,1.399,
LAO,Lao PDR,2013,12497359667.470156,,,,,710630649.610933,119.291497933913,1.757,
LAO,Lao PDR,2014,13448654116.297441,,,,,878715002.7977229,124.217333843943,2.119,
LAO,Lao PDR,2015,14426380125.648829,,,,,1077759914.5889497,125.804029263158,2.494,
LAO,Lao PDR,2016,15439521179.398651,,,,,907495585.5735273,127.813009249953,2.881,
LAO,Lao PDR,2017,16503694943.28559,,,,,1636801284.3855777,128.868078299,3.268,
LAO,Lao PDR,2018,17534839203.111565,,,,,1312596449.161259,131.497493121168,2.9,
LAO,Lao PDR,2019,18491844275.710567,,,,,745497110.2547716,135.866574667173,2.537,
LAO,Lao PDR,2020,18584864138.18996,,,,,947469742.7703766,142.801303317534,2.361,
LAO,Lao PDR,2021,19054754737.37994,,,,,1084872354.2495053,148.164378148681,2.066,
LAO,Lao PDR,2022,19570648221.686237,,,,,918859989.4766626,182.1773224818,1.209,
LAO,Lao PDR,2023,20303702352.29504,,,,,2282656547.768793,239.071544726127,1.188,
LSO,Lesotho,2010,1986735734.7651005,836937439.9042648,2145201284.675306,1880169459.5919857,792958179.8062669,8453373.466457872,100.0,16.113,5.587195106381907
LSO,Lesotho,2011,2078451680.2808068,991896276.2820096,2121553812.6601746,1888138032.5777555,793465223.6008939,49292592.81389642,105.036630521016,16.157,0.9163781310968993
LSO,Lesotho,2012,2210102550.34645,923732996.0813355,2396030558.7545786,2019804322.2463934,873133997.3312199,50534032.31190502,111.392855646249,15.813,7.767625334516242
LSO,Lesotho,2013,2249719203.369813,860510052.1549671,2139838981.5353036,1881797565.6515808,912340520.3497648,47926629.28276244,116.812250625327,15.97,-0.32634746490958755
LSO,Lesotho,2014,2288201773.076053,872942004.8631173,2016884655.599267,1763245837.1117332,888694586.235782,88544978.56852253,123.085406783966,16.104,-3.2408495453181394
LSO,Lesotho,2015,2359686724.538286,1012112198.1144032,2048938857.0249343,1806542397.635037,871761748.6919556,113220010.397593,127.046843072419,16.254,0.3329861111106991
LSO,Lesotho,2016,2444845631.3955274,1119242145.8199134,2213455233.520506,1866779431.3006725,968750353.1902785,91616447.83820252,135.427494309836,16.17,11.903095315067189
LSO,Lesotho,2017,2368122098.53455,1124311766.5484476,2341832090.2168226,2120102006.4104602,939684349.1032044,43290859.45240725,141.450902126157,16.401,9.372696760635378
LSO,Lesotho,2018,2333058897.5102983,1162635839.9349644,2207116739.6703,1989130018.4263008,888032115.8744078,37305317.639786676,148.172370359897,16.625,-0.33019327564191586
LSO,Lesotho,2019,2299976266.2734575,1062803580.901084,2169045639.5740123,1923030842.7439938,866920193.249455,34376558.26745644,155.858195070683,16.876,7.490316024932933
LSO,Lesotho,2020,2112391149.6061347,938937001.4666172,2041575187.4613335,1875802898.5000262,784442668.367477,28801907.349130716,163.616966833624,18.399,2.2781706581296732
LSO,Lesotho,2021,2160272945.1877737,996881493.6749309,2009926365.5755863,1808924184.5247204,749361021.784173,-11080377.932374025,173.512105268925,18.23,4.930937251169904
LSO,Lesotho,2022,2211855514.8791666,1028653982.4720912,2120452777.8469949,1919277354.6885965,778840747.3872313,-7345728.681000965,187.864686358543,16.688,3.2733047632375625
LSO,Lesotho,2023,2252257826.3959975,966736189.4480859,2220518445.018286,2091542471.362502,801444506.4271504,-27274089.23244095,199.779473243937,16.457,11.4937393751692
MRT,Mauritania,2010,4951459275.316061,2264765194.5959606,2360924955.3841605,2781277963.851329,669441824.9880787,,100.0,10.075,
MRT,Mauritania,2011,5158072939.981054,2588465927.6469216,2491479208.5163045,2527997502.7844653,539309597.161234,,105.686319595759,9.968,
MRT,Mauritania,2012,5388639480.835961,2600630440.8117595,3369342081.4172206,2857548642.905494,650379666.1131481,,110.867514550585,9.864,
MRT,Mauritania,2013,5612311839.162412,2556329426.1613035,3190611906.6337776,2921610251.3681817,655912095.3049264,,115.445347020587,9.929,
MRT,Mauritania,2014,5852228252.666222,2188101368.0956187,3173146667.217661,3593365607.7394695,797868511.5289872,,119.525611071366,10.028,
MRT,Mauritania,2015,6166863896.686766,1862093480.4690533,2907777571.107451,3939222661.465966,901458387.1761893,,123.415843264796,10.108,
MRT,Mauritania,2016,6244622452.803084,2118496943.8587768,2449648059.5730877,3783295145.814574,839307776.0259826,,125.232167135102,10.283,
MRT,Mauritania,2017,6636194355.586258,2289863824.608938,2940451441.6775103,3883737644.3765755,888006144.1822908,,128.055246473499,10.336,
MRT,Mauritania,2018,6952885074.44597,2543799943.4509816,3654469705.8603325,3931169068.973265,902790604.2805526,,131.983161831254,10.407,
MRT,Mauritania,2019,7171275534.84383,3040443268.9074316,3663745155.939552,3935157159.4004154,953455043.5178491,,135.018896797734,10.416,
MRT,Mauritania,2020,7145411800.089597,2958636661.4338284,3241877895.955276,3787650543.3390803,878634651.8148456,,138.240035711831,11.054,
MRT,Mauritania,2021,7198481873.574888,2869028610.2086067,3487725690.3185897,3815864995.256793,1077579592.2659981,,143.168520868821,11.144,
MRT,Mauritania,2022,7687691068.956831,3054919903.0073814,4788516032.1016245,4357485217.251972,1291596384.438406,,156.80570371963,10.531,
MRT,Mauritania,2023,8187943518.062824,3134999069.2858343,4354559667.935923,4529790490.282904,1406064084.262022,,164.572369168803,10.446,
MAR,Morocco,2010,,,,49400988522.28742,,1118931090.826738,100.0,9.09,
MAR,Morocco,2011,,,,52642319297.02954,,2198784313.0453835,100.906924909692,8.91,
MAR,Morocco,2012,,,,54921415701.57564,,2629334561.623434,102.205720544155,8.99,
MAR,Morocco,2013,,,,56984464938.27419,,2991422786.8650813,104.127857197756,9.23,
MAR,Morocco,2014,,,,65339825799.7303,,3131380467.660277,104.588425178695,9.7,
MAR,Morocco,2015,,,,65103681269.86052,,3252913902.3566604,106.217815694412,9.46,
MAR,Morocco,2016,,,,65854108148.47346,,2142099190.689576,107.954807470602,9.3,
MAR,Morocco,2017,,,,69169360631.6786,,2636303053.2394814,108.76950272846,9.223,
MAR,Morocco,2018,,,,71460850118.07022,,3344999629.8204603,110.731613965107,9.271,
MAR,Morocco,2019,,,,73001797068.65968,,1650503559.4025433,111.067558219968,9.194,
MAR,Morocco,2020,,,,67802321244.159325,,1341815060.5792136,111.851660373914,11.223,
MAR,Morocco,2021,,,,73986144202.41249,,1978999047.5076358,113.419774613788,10.576,
MAR,Morocco,2022,,,,78328555984.34395,,2208146105.5170164,120.970176677427,9.494,
MAR,Morocco,2023,,,,79967420480.10016,,989003732.0244212,128.338641341941,9.044,
NPL,Nepal,2010,19720799061.812126,1889752703.5020905,7178838163.005482,15491872943.963524,1970618339.5834632,108128089.32639612,100.0,10.554,
NPL,Nepal,2011,20395607080.047813,1592108761.3636801,5810835564.620129,17270370470.87044,1671884711.0801878,88887100.8402014,109.22707546126,10.64,
NPL,Nepal,2012,21348110877.0432,1868021886.0590734,6227588666.052757,17715301247.76604,1685729292.8212302,90450133.60026176,119.559749053898,10.643,
NPL,Nepal,2013,22100664484.636116,2054181329.3316958,7198344897.683486,18627922582.98848,1665138677.0058148,73973649.17402399,130.368145393248,10.687,
NPL,Nepal,2014,23429242138.209484,2371986342.0368543,8401398102.688284,19360556043.6221,1874606802.6735046,31335729.606055215,141.272338749022,10.617,
NPL,Nepal,2015,24360801286.76381,2488355629.4047203,8879790219.802181,20356554578.807064,2146673077.608887,51895699.9282915,152.388930465066,10.644,
NPL,Nepal,2016,24466311259.288055,2001241022.880161,8302864900.130893,21635837171.18357,1939204352.492919,105746564.18408102,165.784440634692,10.742,
NPL,Nepal,2017,26662720369.249172,2082942015.9441423,9819939094.223112,20929360647.657677,2271274052.567072,180623901.9894772,171.797601626909,10.66,
NPL,Nepal,2018,28695053195.345657,2242702348.8772283,11659301107.140818,22137333544.5157,2313262122.948009,59156918.75876335,178.774582924802,10.559,
NPL,Nepal,2019,30605298792.54479,2381072803.875932,12691891961.958952,23437384024.238537,2484261242.6888704,166126167.75362188,188.729977162221,10.389,
NPL,Nepal,2020,29880069318.726143,2033425317.2107992,10193160087.014433,25461676713.2131,2709444628.460327,113167503.04831764,198.265307403646,12.975,
NPL,Nepal,2021,31325711777.167385,1603616904.715552,11883293893.286915,26743744393.927536,2585627655.0889797,166555961.00213096,206.492683278536,12.186,
NPL,Nepal,2022,33089761145.09688,2217805128.5319247,13987376445.791138,28127530108.073994,2783696442.616566,53077765.29011175,222.291008492302,10.844,
NPL,Nepal,2023,33735853500.290016,2346343617.597633,11700420599.380283,28994146273.635082,2242668188.8528047,61703395.47266735,238.106479175293,10.628,
NIC,Nicaragua,2010,9778793416.443768,3957166931.4644833,5857228126.85747,7871308677.516711,1378583401.362306,546964816.5444912,100.0,7.83,6.766250245603313
NIC,Nicaragua,2011,10396566381.095959,4680214653.832691,6946017424.553791,8027453477.34374,1413802490.8749173,995906104.8962157,108.082387980991,6.618,0.2935686311616539
NIC,Nicaragua,2012,11071925173.743402,5255785862.416468,7496619258.501661,8376862155.379897,1502297283.275301,815467935.6916816,115.857349178098,5.208,5.41310978715737
NIC,Nicaragua,2013,11617340945.667185,5252702097.7485285,7640784041.9362955,8816256367.696194,1598786120.295406,1020845119.3280007,124.124313083916,5.28,10.191090538149728
NIC,Nicaragua,2014,12173404097.24634,5479004838.222635,7509780459.715065,8950285931.856737,1738324669.470244,1103353769.6527476,131.61641766895,4.52,4.7475671960674966
NIC,Nicaragua,2015,12756685550.338875,5113321087.028389,7412926934.179124,8993190537.470823,1792613932.6361213,967000000.0,136.877625982058,4.7,4.148245657709459
NIC,Nicaragua,2016,13338767298.681507,5186376623.981836,7327217538.526928,9388922651.541424,1928935162.3082469,993020799.8116432,141.700061784993,3.9,6.547671256626854
NIC,Nicaragua,2017,13956690226.427435,5769515435.931036,7681940448.201979,9682630711.977316,2011234929.3176544,1048225482.291987,147.156465910385,3.3,6.39428293595598
NIC,Nicaragua,2018,13487230761.481766,5702049161.925079,6973922313.021337,9515666802.322842,1996463784.43231,867309084.3443053,154.436645452421,5.2,8.023990435566118
NIC,Nicaragua,2019,13096501920.748356,5867822214.60225,6448426928.939373,9349488893.020372,1992401730.343656,518743639.6413833,162.739607236814,5.472,6.7002503783959915
NIC,Nicaragua,2020,12866533516.501692,5390264270.910484,6048847192.046654,9074511613.59877,1952379882.6163557,757387912.9214019,168.731375929621,6.201,5.4869023980117495
NIC,Nicaragua,2021,14193856859.173508,6616824597.445374,8527339113.022272,10614670164.883015,2184998149.440153,1224395520.7558155,177.047156631849,6.118,5.869106818768425
NIC,Nicaragua,2022,14726450786.582722,7340680531.23161,9644715596.346718,11800235235.071705,2022611184.9067712,1217457334.407008,195.57943398714,4.961,0.41450736489945933
NIC,Nicaragua,2023,15399335188.183493,7052733302.658434,9096353577.809725,12023829015.512383,1873134898.405372,1062453887.8780648,211.983969101511,4.716,-1.072654128199145
NGA,Nigeria,2010,,,,,,,,3.746,1.067736064672576
NGA,Nigeria,2011,,,,,,,,3.77,5.685579859155848
NGA,Nigeria,2012,,,,,,,,3.76,6.224808613754583
NGA,Nigeria,2013,,,,,,,,3.711,11.201622224897536
NGA,Nigeria,2014,,,,,,,,3.902,11.356213024959848
NGA,Nigeria,2015,,,,,,,,4.135,13.59615324512833
NGA,Nigeria,2016,,,,,,,,4.499,6.686233623272653
NGA,Nigeria,2017,,,,,,,,4.828,5.7905668653365385
NGA,Nigeria,2018,,,,,,,,5.067,6.0559771576793215
NGA,Nigeria,2019,,,,,,,,5.206,4.522188495560775
NGA,Nigeria,2020,,,,,,,,5.742,5.371280211147307
NGA,Nigeria,2021,,,,,,,,5.45,1.2277185301147941
NGA,Nigeria,2022,,,,,,,,3.821,0.9192318952719403
NGA,Nigeria,2023,,,,,,,,3.074,1.23305048739489
PAK,Pakistan,2010,,,,,,2573711298.85143,,0.653,
PAK,Pakistan,2011,,,,,,1478427831.9285777,,0.796,
PAK,Pakistan,2012,,,,,,909727926.518969,,3.667,
PAK,Pakistan,2013,,,,,,1424663552.1526377,,2.954,
PAK,Pakistan,2014,,,,,,2001259236.7443628,,1.827,
PAK,Pakistan,2015,,,,,,1673000000.0,,3.566,
PAK,Pakistan,2016,,,,,,2625713947.9260945,,2.285,
PAK,Pakistan,2017,,,,,,2456614437.712744,,3.215,
PAK,Pakistan,2018,,,,,,1728525567.433816,,4.083,
PAK,Pakistan,2019,,,,,,2528697027.425641,,4.83,
PAK,Pakistan,2020,,,,,,2455413635.841145,,6.127,
PAK,Pakistan,2021,,,,,,2353109127.010239,,6.338,
PAK,Pakistan,2022,,,,,,1560800059.900707,,5.485,
PAK,Pakistan,2023,,,,,,2424697878.1951375,,5.408,
PNG,Papua New Guinea,2010,16339627662.371357,,,,,40808188.80127746,100.0,2.002,
PNG,Papua New Guinea,2011,16520596167.090136,,,,,33453655.27059116,104.44083401029,2.62,
PNG,Papua New Guinea,2012,17289980088.70619,,,,,23380631.88767717,109.179528838343,2.631,
PNG,Papua New Guinea,2013,17951312547.22225,,,,,22631099.10686774,114.595180070404,2.692,
PNG,Papua New Guinea,2014,20382597142.194332,,,,,25850085.1462073,120.579474681831,2.536,
PNG,Papua New Guinea,2015,21723437010.098206,,,,,30027878.6317396,127.809369076631,2.503,
PNG,Papua New Guinea,2016,22915960976.066036,,,,,-43177572.03066968,136.339019767127,2.472,
PNG,Papua New Guinea,2017,23725951011.661198,,,,,-187016559.75723848,143.73138369889,2.569,
PNG,Papua New Guinea,2018,23659695751.332653,,,,,300917085.9673058,150.018897576695,2.635,
PNG,Papua New Guinea,2019,24719771866.935013,,,,,335153829.460205,155.912649364765,2.634,
PNG,Papua New Guinea,2020,23936789892.390102,,,,,113411193.28381497,163.508205344215,2.883,
PNG,Papua New Guinea,2021,23814388292.856255,,,,,-31392822.347033177,170.839243117812,3.003,
PNG,Papua New Guinea,2022,25173614536.91079,,,,,949175565.8442997,179.813837244105,2.689,
PNG,Papua New Guinea,2023,25937811150.41226,,,,,69701088.5197749,183.94721776434,2.661,
PHL,Philippines,2010,,,,,,,100.0,3.605,
PHL,Philippines,2011,,,,,,,104.718417047184,3.592,
PHL,Philippines,2012,,,,,,,107.888205739633,3.504,
PHL,Philippines,2013,,,,,,,110.674621117395,3.497,
PHL,Philippines,2014,,,,,,,114.656498576585,3.6,
PHL,Philippines,2015,,,,,,,115.429504132997,3.068,
PHL,Philippines,2016,,,,,,,116.876642442093,2.695,
PHL,Philippines,2017,,,,,,,120.211352458706,2.552,
PHL,Philippines,2018,,,,,,,126.593789832853,2.338,
PHL,Philippines,2019,,,,,,,129.621996007385,2.237,
PHL,Philippines,2020,,,,,,,132.7240608691,2.522,
PHL,Philippines,2021,,,,,,,137.936373936063,3.398,
PHL,Philippines,2022,,,,,,,145.965868357034,2.598,
PHL,Philippines,2023,,,,,,,154.691744685736,2.222,
WSM,Samoa,2010,787756851.0108206,218330178.8078543,400608816.7321996,594804291.0027673,108046703.85212585,389599.0900125789,,5.621,16.726689449084095
WSM,Samoa,2011,818078226.23594,232280403.51874655,435279241.85434157,606038775.568007,109163325.08872646,16701887.483285472,,5.68,10.97219146631766
WSM,Samoa,2012,787546481.6221334,206689132.93979144,444879411.5414676,590943055.8069241,112955917.95219134,21260418.85622817,,8.752,5.607730841633779
WSM,Samoa,2013,788391466.046139,221543155.0739177,392438393.57294196,604055731.7585602,114873744.76036626,13630136.052953253,,8.773,7.67447772362731
WSM,Samoa,2014,793594248.7216331,218970577.92017433,419878935.0700858,582575647.1904241,126084811.83247839,22761088.876976404,,8.72,9.084386674126419
WSM,Samoa,2015,824150498.6535364,223682247.80209622,391417161.1400059,570512695.699237,125224410.59217995,26867532.3239141,,8.9,5.332260593354817
WSM,Samoa,2016,889949544.3782723,256109860.69622275,413237366.17254347,600234144.4278702,111903410.06294721,2658142.35076156,,9.062,6.696588050746278
WSM,Samoa,2017,902464748.18719,267691579.64064968,400232333.9782238,625400339.3113971,109372347.12804455,9398882.250044331,,9.4,8.431054501800222
WSM,Samoa,2018,896962897.99084,286720273.5777891,421297106.7757441,605967916.3596325,120272555.56596428,17065708.985147525,,8.639,7.76726514812698
WSM,Samoa,2019,936894420.7462124,328225315.5055403,452498919.8424841,626985377.038888,129029401.64048387,-2235959.354303074,,7.838,7.319919292613153
WSM,Samoa,2020,907771582.239524,265032626.83076856,438341474.82742447,655423388.8902094,132926104.54617922,4624098.361026946,,7.435,7.3909543595956855
WSM,Samoa,2021,843511966.5849628,98570193.909658,415034842.8854196,683150540.2791667,142831125.36279073,8944559.303436361,,6.612,8.952592121109
WSM,Samoa,2022,798752767.8644394,97978070.70169005,421076880.8101595,662642857.3926374,173850833.19467413,4603396.554236913,,5.048,2.511096651706408
WSM,Samoa,2023,867318434.0656075,249387004.33018148,536902036.44958,760638267.0818198,157446912.0416642,2214927.1011387343,,4.977,-0.35975463886724823
STP,Sao Tome and Principe,2010,221134908.54433817,,,,,58885149.73381016,,14.626,20.48294461534164
STP,Sao Tome and Principe,2011,225556350.89744884,,,,,32024757.109466553,,14.224,13.672277488417206
STP,Sao Tome and Principe,2012,232194345.2278448,,,,,22748096.243047066,,13.59,18.503527604781244
STP,Sao Tome and Principe,2013,244081946.53840542,,,,,11116646.837208714,,12.48,17.46558470698368
STP,Sao Tome and Principe,2014,256057120.59548888,,,,,23140585.337696176,,11.435,17.732578460153643
STP,Sao Tome and Principe,2015,259999643.04738805,,,,,27924059.140131496,,10.594,17.991838336206598
STP,Sao Tome and Principe,2016,273459368.7543641,,,,,21829691.39304329,,9.686,11.705858862955054
STP,Sao Tome and Principe,2017,284706696.9773057,,,,,30246272.868560497,,8.808,14.9235627408156
STP,Sao Tome and Principe,2018,297171520.8308536,,,,,18353266.132344328,,8.714,10.05691941520272
STP,Sao Tome and Principe,2019,303157496.46587336,,,,,17758716.99100139,,8.831,7.008218859268051
STP,Sao Tome and Principe,2020,311114954.7979903,,,,,31104389.08162917,,9.686,8.748459100441044
STP,Sao Tome and Principe,2021,317023957.753826,,,,,35668131.20616873,,9.6,12.667935486828771
STP,Sao Tome and Principe,2022,317558772.390522,,,,,74423121.88660367,,8.992,1.8341387036772228
STP,Sao Tome and Principe,2023,318740893.7330063,,,,,-1712355.6542718292,,9.071,-3.18387310428388
SEN,Senegal,2010,14575382431.882576,2912341973.7352366,4733591036.687916,11404596444.38575,2064285755.242166,246000880.36349705,100.0,2.803,
SEN,Senegal,2011,14769831308.72574,3146498233.1827235,5357509608.713151,11688655873.354176,2190472016.839326,280784826.7524606,103.40322829787,2.853,
SEN,Senegal,2012,15361066998.890142,3452303712.4793878,6067764258.346659,11955211574.222727,2238791893.4943786,240197962.50223392,104.869722570496,3.888,
SEN,Senegal,2013,15731635117.416431,3515979909.8772373,6021601757.315208,12154452579.437866,2296774251.097283,258914024.28480294,105.614555041963,4.986,
SEN,Senegal,2014,16710783797.424799,3639324083.2040076,6126880579.739275,12411187226.786667,2462270745.435174,340253484.6454221,104.46308699624,5.841,
SEN,Senegal,2015,17774766696.175896,4030818415.9103026,6298158532.039062,12908633279.445023,2541663172.571393,409166125.81491005,104.604333556103,6.757,
SEN,Senegal,2016,18904543055.865643,4075981702.0231113,6152920442.495267,13534423839.591076,2652549559.437759,469041223.95358324,105.48016989023,4.455,
SEN,Senegal,2017,20304894471.31227,4452880240.614915,7264115936.40182,14293745722.264875,2768363538.6838417,568913458.5432575,106.870560070658,4.078,
SEN,Senegal,2018,21565674310.71323,4949126325.484456,8376269213.737831,14979320004.656963,2972748581.7712865,790955198.5435847,107.363218008605,3.455,
SEN,Senegal,2019,22560634320.127007,5636353547.978969,8855752052.223742,15408162850.978958,3160214235.285854,1027067504.7960564,109.252930368352,2.863,
SEN,Senegal,2020,22863414676.284946,4732853239.652641,8995912017.525515,15714610496.794292,3264950386.588298,1720233507.5214574,112.031392832995,3.437,
SEN,Senegal,2021,24359596784.11698,6002107724.589699,10897604675.953676,16218937131.834528,3693517208.8865623,2290840279.815119,114.474038812672,3.44,
SEN,Senegal,2022,25291561739.540737,6792695761.944741,13448919498.026028,16646592319.520203,3769899331.5487757,64196212.52037523,125.574379147807,2.837,
SEN,Senegal,2023,26450942459.85085,6081781166.937439,12699583215.109621,17709363772.081825,3643032392.8761573,78312482.39265218,133.032841755522,2.8,
SLB,Solomon Islands,2010,1097356737.3491867,,,,,202725294.29073262,100.0,1.617,
SLB,Solomon Islands,2011,1178889790.0503423,,,,,133029070.88724908,107.34270706018,1.292,
SLB,Solomon Islands,2012,1207961228.6239357,,,,,24339816.02548569,113.688814368881,0.984,
SLB,Solomon Islands,2013,1271231099.2278576,,,,,52824323.20426187,119.818192049045,0.694,
SLB,Solomon Islands,2014,1286348801.555689,,,,,20247260.943052184,126.007882882883,0.729,
SLB,Solomon Islands,2015,1307909887.5521197,,,,,32222728.563544005,125.284006297329,0.735,
SLB,Solomon Islands,2016,1380560770.5079591,,,,,37372600.92835819,125.926068821616,0.734,
SLB,Solomon Islands,2017,1423017819.025352,,,,,41519331.36297116,126.541452847665,0.725,
SLB,Solomon Islands,2018,1462093823.2091143,,,,,22619578.651860997,130.921653412479,0.72,
SLB,Solomon Islands,2019,1487659506.797427,,,,,30124373.306855094,133.062033185591,0.743,
SLB,Solomon Islands,2020,1437359543.9651368,,,,,8402559.222020501,137.005392964625,0.864,
SLB,Solomon Islands,2021,1474218469.8973384,,,,,27028466.934951734,136.847236823755,0.884,
SLB,Solomon Islands,2022,1509636294.9660254,,,,,39244235.54718627,144.398644275693,1.483,
SLB,Solomon Islands,2023,1556129617.8948824,,,,,75166880.99096519,152.897744832961,1.455,
LKA,Sri Lanka,2010,,,,,,509260831.0205725,,4.784,
LKA,Sri Lanka,2011,,,,,,958688610.7948841,,4.118,
LKA,Sri Lanka,2012,,,,,,986107950.3913009,,3.88,
LKA,Sri Lanka,2013,,,,,,930192852.8548044,,4.186,
LKA,Sri Lanka,2014,,,,,,884706226.9362977,,4.157,
LKA,Sri Lanka,2015,,,,,,679655644.244789,,4.519,
LKA,Sri Lanka,2016,,,,,,911638435.9413724,,4.242,
LKA,Sri Lanka,2017,,,,,,1385029634.9346726,,4.046,
LKA,Sri Lanka,2018,,,,,,1664059978.4819305,,4.318,
LKA,Sri Lanka,2019,,,,,,811889258.0070276,,4.67,
LKA,Sri Lanka,2020,,,,,,477365600.47415084,,5.364,
LKA,Sri Lanka,2021,,,,,,645786894.3239323,,4.981,
LKA,Sri Lanka,2022,,,,,,1067431035.1279532,,4.528,
LKA,Sri Lanka,2023,,,,,,737992065.2947481,,5.997,
TZA,Tanzania,2010,,6828919778.970856,9763315962.126074,23002510380.12763,3608953485.2998867,1972649556.7654188,100.0,3.029,
TZA,Tanzania,2011,,8112879972.972786,12949479164.094664,25674318827.49299,3636340578.017223,1330207138.0797095,112.690969469916,3.47,
TZA,Tanzania,2012,,8767110193.30967,12538816328.689917,26626434293.16535,4086119784.544989,1778644255.069707,130.722757255987,3.222,
TZA,Tanzania,2013,,7955942734.269839,12394068627.116583,28005491825.907978,4203604770.085203,1913342704.6848338,141.011584221696,2.93,
TZA,Tanzania,2014,,8070148506.733781,12186954634.450254,29276286183.773754,4407195738.171718,1265254657.6454763,149.657870726625,2.125,
TZA,Tanzania,2015,,8110109048.575173,11214705082.15909,30279416170.778214,4706919239.435892,1506024896.0109997,158.021006257208,2.159,
TZA,Tanzania,2016,,8284514181.13364,9662998777.54005,30364358316.81314,4593988678.216913,879584735.5170861,166.198224024889,2.23,
TZA,Tanzania,2017,,8473373633.460409,9439322439.7712,32396143929.622177,4600044213.666075,952158345.7377954,175.03783564472,2.303,
TZA,Tanzania,2018,,8409323715.773822,10214707972.57955,34163108774.20317,4628584144.850146,972440075.2541554,181.154460150602,2.393,
TZA,Tanzania,2019,,9680343077.446362,10250836783.840199,35408741379.62577,4697737317.501461,1204006697.1525383,187.430158933385,2.496,
TZA,Tanzania,2020,,8313785668.735757,8901905002.438583,33590482165.125538,4740320727.968235,879444485.0627801,193.597155886785,2.781,
TZA,Tanzania,2021,,9068786479.107925,10144668710.382526,34706343709.31802,5141378503.967986,1082179070.5361261,200.742671235263,2.821,
TZA,Tanzania,2022,,10351696029.503511,13156277058.045609,36845945880.89477,5575374922.155287,1274200391.1310935,209.475523539762,2.588,
TZA,Tanzania,2023,,12133724016.19422,14830084843.073387,38188627663.669235,6181115184.946829,1452137779.7322388,217.433986576543,2.582,
TLS,Timor-Leste,2010,1296604518.4670272,111049425.9105863,1631593811.1172416,925644864.1386195,1337623042.4387903,,100.0,3.301,
TLS,Timor-Leste,2011,1373863213.6088526,88006822.4586067,1845930272.1824605,933040786.976534,1232440121.9091651,,113.499840238577,3.384,
TLS,Timor-Leste,2012,1440641509.4097056,102614371.508715,1748617074.745208,1008913068.8879924,1212926665.7266016,,126.89317286186,3.468,
TLS,Timor-Leste,2013,1485364306.5974505,82951556.75295398,1099905309.3404489,955673700.693053,925928792.1722572,,140.835223221645,3.564,
TLS,Timor-Leste,2014,1551797202.420023,70945049.19855024,1212946428.9746168,1005232355.6270814,1019005976.3418889,,142.030686404269,3.618,
TLS,Timor-Leste,2015,1590282400.0,48508499.99999999,906884200.0,923691800.0,937368400.0,,142.948415716182,3.678,
TLS,Timor-Leste,2016,1638148796.9900694,51706903.46390029,936270821.3420917,958987707.1454959,910942926.6455423,,140.847298607328,4.657,
TLS,Timor-Leste,2017,1586016100.268273,38207307.32820426,891749280.3887167,999183646.5087491,875206313.587513,,141.583897133995,4.248,
TLS,Timor-Leste,2018,1578617300.7335238,46277667.54900979,976969171.4177067,1047462762.2888721,894755478.664173,,144.832175882741,3.778,
TLS,Timor-Leste,2019,1960846076.6982472,415980117.02432936,968656517.1212746,1062523195.4510607,925947792.0444107,,146.220845236294,3.097,
TLS,Timor-Leste,2020,2582939037.5798516,947065974.2650791,1241982895.7166762,1303705346.3264124,1148851487.7544544,,146.945368377278,2.782,
TLS,Timor-Leste,2021,2721465328.8690534,1728542688.0114396,989314581.2585925,823005692.0396593,767330925.452046,,152.37929193466,2.344,
TLS,Timor-Leste,2022,2161272264.095065,1201927879.788465,907947622.5349269,922482586.2678108,715595513.2290341,,163.053932878494,1.537,
TLS,Timor-Leste,2023,1769696988.7180676,405711671.36394906,1174638212.0765314,1239569116.9122207,936469937.8259194,,176.783646400144,1.521,
TUN,Tunisia,2010,42061729256.05539,,21952555369.448803,26554359714.41038,,1214802602.154191,100.0,13.049,
TUN,Tunisia,2011,41200879648.1279,,22269786384.40982,27410503124.669033,,370427853.130481,103.240028420095,18.334,
TUN,Tunisia,2012,42938187711.576004,,23889895703.117714,28756174039.9322,,1410600765.3322303,108.001297808887,17.63,
TUN,Tunisia,2013,43981556030.35939,,23778738820.56371,29994425670.790638,,956340587.2351896,113.74290094179,15.934,
TUN,Tunisia,2014,45340730384.707016,,24102968473.56207,31294141808.29436,,924237902.6620733,119.004136828432,14.259,
TUN,Tunisia,2015,45779494041.92953,,22362683999.23533,32413840565.85739,,970521888.7402029,124.284792209994,15.159,
TUN,Tunisia,2016,46291045987.634094,,22588812426.57717,33009130339.236282,,649669641.8164409,128.795583680247,15.557,
TUN,Tunisia,2017,47326964919.9643,,25594970446.170387,34051160087.496998,,910245464.2169756,135.633145958134,15.33,
TUN,Tunisia,2018,48569264671.684204,,28359063416.594864,34750825159.50234,,1128011628.0636566,145.544662556429,15.459,
TUN,Tunisia,2019,49340470115.968956,,27819725370.6461,35432493268.89614,,959611208.0327579,155.325373517033,17.153,
TUN,Tunisia,2020,44893939452.69409,,20801119206.237144,33257371861.48737,,658299160.6176544,164.076639849227,17.656,
TUN,Tunisia,2021,47020260421.79904,,24483601004.860767,34635977985.04593,,549843306.6918263,173.439427529047,16.611,
TUN,Tunisia,2022,48277261609.99678,,29942458512.256947,37320996274.66022,,696562035.6672771,187.846106359388,15.3,
TUN,Tunisia,2023,48296165328.52332,,26705069616.93206,35317087005.72235,,723586625.5293139,205.370262060998,15.106,
UZB,Uzbekistan,2010,,,,37450024589.84786,,2033984423.2821765,,5.36,
UZB,Uzbekistan,2011,,,,40081505961.636444,,1756723041.485431,,4.96,
UZB,Uzbekistan,2012,,,,43754608311.11098,,772788633.3605232,,4.87,
UZB,Uzbekistan,2013,,,,48225072668.24185,,710875634.674258,,4.86,
UZB,Uzbekistan,2014,,,,50902573645.719215,,804149740.200917,,5.09,
UZB,Uzbekistan,2015,,,,55944011637.647125,,1041199291.09393,,5.15,
UZB,Uzbekistan,2016,,,,60531222866.8284,,1762716997.950995,,5.16,
UZB,Uzbekistan,2017,,,,66805842239.903885,,2459270156.9246197,,5.83,
UZB,Uzbekistan,2018,,,,67657863383.76541,,1070896591.0334302,,5.389,
UZB,Uzbekistan,2019,,,,70269810984.3988,,3698604117.4227595,,4.932,
UZB,Uzbekistan,2020,,,,70281267710.57298,,2838407826.3754907,,5.293,
UZB,Uzbekistan,2021,,,,77704152973.52834,,3475910729.3003983,,5.364,
UZB,Uzbekistan,2022,,,,85494597812.9491,,3685791688.5515623,,4.49,
UZB,Uzbekistan,2023,,,,90513383355.9998,,2819863108.8587646,,4.46,
VNM,Viet Nam,2010,,,,,,,100.0,1.114,
VNM,Viet Nam,2011,,,,,,,118.677732277071,0.999,
VNM,Viet Nam,2012,,,,,,,129.471120024261,1.027,
VNM,Viet Nam,2013,,,,,,,138.006729874285,1.316,
VNM,Viet Nam,2014,,,,,,,143.643689923265,1.256,
VNM,Viet Nam,2015,,,,,,,144.550370194288,1.848,
VNM,Viet Nam,2016,,,,,,,148.407332801278,1.848,
VNM,Viet Nam,2017,,,,,,,153.631652156685,1.874,
VNM,Viet Nam,2018,,,,,,,159.069641224583,1.161,
VNM,Viet Nam,2019,,,,,,,163.516947912918,1.681,
VNM,Viet Nam,2020,,,,,,,168.783721483338,2.103,
VNM,Viet Nam,2021,,,,,,,171.880422664063,2.385,
VNM,Viet Nam,2022,,,,,,,177.305841095852,1.523,
VNM,Viet Nam,2023,,,,,,,183.073410082137,1.645,
PSE,West Bank and Gaza,2010,11082399999.999998,1565146466.9730926,6026037114.083561,10330561925.321487,2862662389.092599,205978274.8598371,100.0,,
PSE,West Bank and Gaza,2011,12146400000.0,1953874197.4414673,6214523067.020678,11078251701.665459,3140597055.2739563,259344594.0730271,102.877243584959,,
PSE,West Bank and Gaza,2012,12886900000.0,1975089167.2946496,6650026318.76413,11440865768.651094,3300682121.3263,66485871.56958046,105.736292389859,,
PSE,West Bank and Gaza,2013,13492400000.0,2107491816.0630386,6834099509.45211,11859495654.618769,3375920171.6547675,189236190.499003,107.559608314025,,
PSE,West Bank and Gaza,2014,13471100000.0,2131541559.8618984,6993759644.595667,12013513056.034082,3392594517.394941,153791133.11532012,109.423600300128,,
PSE,West Bank and Gaza,2015,13972400000.0,2244300000.0,7645500000.0,12348300000.000002,3494500000.0,104937726.65802999,110.990121099896,,
PSE,West Bank and Gaza,2016,15211000000.0,2179248711.490776,7772169920.936814,13363215106.391264,3579552514.053514,292732345.649379,110.746934413771,,
PSE,West Bank and Gaza,2017,15426900000.0,2425757589.285714,8133748850.446429,13680086707.589285,3201215664.0625,175954127.75070247,110.982350206885,,
PSE,West Bank and Gaza,2018,15616199999.999998,2492589828.342528,8657576148.581398,13881077326.960176,3434170912.8442054,202145922.2630397,110.765815014162,,
PSE,West Bank and Gaza,2019,15828999999.999998,2456827834.3595877,8464152058.832111,14253259935.214638,3270288861.003298,121838986.16216412,112.516117965437,,
PSE,West Bank and Gaza,2020,14037399999.999998,2155811032.9197702,7289701525.267678,12453145960.841375,3289435222.1585526,72072751.5506556,111.688750943651,,
PSE,West Bank and Gaza,2021,15021699999.999998,2604928185.4326572,8373463387.266,13295726661.328619,3575046808.7691197,293214770.35398316,113.070878047339,,
PSE,West Bank and Gaza,2022,15635000000.0,2882508100.493074,9999938952.805824,15611342125.172836,3203602567.1127815,253567953.15642792,117.301112781727,,
PSE,West Bank and Gaza,2023,14789000000.0,2897644981.860764,9879141646.767082,15011249276.726673,2998582487.601029,87894040.34253493,124.18798049845,,
ZMB,Zambia,2010,16527123087.716316,6119321572.058742,4625738342.922705,8693662565.652355,1430195126.2604792,1410291878.6109622,,13.19,
ZMB,Zambia,2011,17447560252.657646,7061240960.909878,5639785974.66518,8793092179.684875,1787642184.6306694,824425411.7307125,,10.545,
ZMB,Zambia,2012,18773117888.809395,7524812134.2363615,6624056885.888986,8863244375.09128,2233512545.518645,1274578544.265563,,7.85,
ZMB,Zambia,2013,19722575262.7917,7984234268.371198,7883808420.711456,9316254418.686731,2403058407.7530437,1477087770.7801576,,7.264,
ZMB,Zambia,2014,20648211567.061584,8016108560.324559,7716486466.528506,9295378756.62692,2998919108.9781785,1147096509.9819767,,6.571,
ZMB,Zambia,2015,21251216798.776245,7892388633.940573,9079952780.629223,9901967681.167557,3141058918.148032,1582666666.6666698,,5.942,
ZMB,Zambia,2016,22049221308.108795,7788815932.261295,8518470915.062182,9810823864.608082,3543723110.1636353,697310978.1798117,,5.239,
ZMB,Zambia,2017,22826646593.616886,7987695974.702122,8352917555.610731,9118439513.631613,3131997440.0672884,977094874.6475241,,4.529,
ZMB,Zambia,2018,23747586257.251167,9013967386.059425,8770212764.124676,10662164948.704062,3017998082.1186852,368638262.01958907,,5.033,
ZMB,Zambia,2019,24089861649.015465,8343810878.594529,8227895217.201694,10160465066.65807,4260112896.0513897,566333145.0154973,,5.542,
ZMB,Zambia,2020,23418945736.89926,10941375117.39017,7608033965.750507,8737186618.474892,3440159222.087999,316602079.65734386,,6.033,
ZMB,Zambia,2021,24879098747.886097,12990892597.94272,8457008030.961745,8955718193.144068,2868820769.2509704,443862642.09737813,,5.199,
ZMB,Zambia,2022,26175604214.18955,10521021758.80447,7617969256.415358,9313505850.86554,3783115323.1340523,-58446657.29238326,,5.995,
ZMB,Zambia,2023,27580695690.340046,11265645153.098421,10314011615.203575,12991917126.946411,3671758087.64216,85915863.32347216,,5.905,
ZWE,Zimbabwe,2010,14083116362.768656,4174361764.1139584,7532114700.486819,12641494688.099072,2156917110.0640187,143369184.92655438,,5.447,
ZWE,Zimbabwe,2011,16142097162.99623,5617579201.600178,8824194477.646666,13509843774.783499,3030504252.50173,394111151.88472605,,5.368,
ZWE,Zimbabwe,2012,18683650519.498657,4701414379.866427,9154854424.315191,17557604373.089813,3737843076.288559,381918344.1536701,,5.061,
ZWE,Zimbabwe,2013,19280916546.44884,4239441394.3037,7070068262.061929,16780721581.929712,3555149849.4894624,376760692.6006437,,4.943,
ZWE,Zimbabwe,2014,19567149970.420227,4095433041.051468,6602243939.589178,16360449453.60334,3827390003.513223,474537160.1183014,,4.774,
ZWE,Zimbabwe,2015,19963120600.0,3824969000.0000005,7503864600.0,17870048600.0,3768540600.0,399199999.99999994,,5.377,
ZWE,Zimbabwe,2016,20142979412.317272,4017221454.223692,6299816134.952797,16788499221.210835,3650701022.930647,336241589.23652506,,5.886,
ZWE,Zimbabwe,2017,20964866130.333355,1419010482.3756812,2192212363.03319,5728408197.643963,1562778218.762232,126092856.14114231,,6.344,
ZWE,Zimbabwe,2018,22015177994.760704,5760045255.684296,6249293868.734777,17105729799.274849,2283922005.850582,462697637.1546168,,6.793,
ZWE,Zimbabwe,2019,20621078646.82945,5681964263.184384,5823764730.887623,16403889793.469545,1513414130.502164,200057437.89531735,,7.373,
ZWE,Zimbabwe,2020,19009139106.16616,4237719352.2343836,4756144096.7157955,15342904220.342348,1685702777.1754029,106380114.52378614,,8.621,
ZWE,Zimbabwe,2021,20618836217.76371,4695989581.578218,5788096537.737589,15438082541.451641,3075485767.733487,179753165.0271556,,9.54,
ZWE,Zimbabwe,2022,21884680855.37868,6099735603.758004,8073573347.043753,17018126900.370804,3642965733.605465,224762513.2633146,,10.087,
ZWE,Zimbabwe,2023,23052607292.36384,4974614424.618575,6734949125.033106,17582889781.264,3478461726.9307604,365027756.7898825,,8.759,
